# source	kind	exact internal Fraction	binding integer
1 um / 2	length	1/2	1
1 um / 2 + 1 um / 2	length	1	1
-1 um / 2 + -1 um / 2	length	-1	-1
2 um / 3 + 2 um / 3 + 2 um / 3	length	2	2
1 um * 0.5	length	1/2	1
1 um * 0.5 + 1 um * 0.5	length	1	1
0.5 * 1 um	length	1/2	1
1 um / 0.3	length	10/3	3
1.0 / 3	ratio	1000000/3	333333
1 / 3	ratio	1000000/3	333333
1 / 3 + 1 / 3 + 1 / 3	ratio	1000000	1000000
0.000001 * 0.5	ratio	1/2	1
0.000001 * 0.000001	ratio	1/1000000	0
0.000001 ^ 2	ratio	1/1000000	0
(0.000001 / 2) ^ 2	ratio	1/4000000	0
(1 um / 2) ^ 2	area	1/4	0
(1 um / 2) * (1 um / 2)	area	1/4	0
(3 um / 2) ^ 2	area	9/4	2
2 ^ 2	count	4	4
(1 um / 3) * 3	length	1	1
2 deg / 3 + 2 deg / 3 + 2 deg / 3	angle	2000000	2000000
(2 um * 3 um) / 4 um	length	3/2	2
(1 um / 2) == (2 um / 4)	boolean	1	1
(1 um / 2) < 1 um	boolean	1	1
