# Independently authored statement source<TAB>exact canonical bytes; no product capture.
let length_input: length = 2.5 cm	(bind length_input length length:25000)
let angle_input: angle = 360 deg	(bind angle_input angle angle:360000000)
let area_input: area = 2 mm ^ 2	(bind area_input area (^2 length:2000))
let ratio_input: ratio = 150 pct	(bind ratio_input ratio ratio:1500000)
let count_input: count = 0004	(bind count_input count count:4)
let boolean_input: boolean = 1 < 2	(bind boolean_input boolean (< count:1 count:2))
assert numerical: eps_num = a == b	(assert numerical eps_num a b)
assert geometric: eps_geo = -1 mm == -0.1 cm	(assert geometric eps_geo (- length:1000) (- length:1000))
assert formatted: eps_fmt = 1 um ^ 2 == 2 um ^ 2	(assert formatted eps_fmt (^2 length:1) (^2 length:2))
assert imported: eps_imp = if(flag, a, b) == probe(a, b)	(assert imported eps_imp (if flag a b) (probe a b))
assert physical: eps_phys = (a == b) == (b == a)	(assert physical eps_phys (== a b) (== b a))
let length_input: length = 25 mm	(bind length_input length length:25000)
let sweep: angle = -720 deg	(bind sweep angle (- angle:720000000))
let minimum: angle = -9223372036854.775808 deg	(bind minimum angle (- angle:9223372036854775808))
let unknown: length = probe(a, b, c)	(bind unknown length (probe a b c))
let signed_zero: angle = --0 deg	(bind signed_zero angle (- (- angle:0)))
