# Authored complete worked statement source<TAB>exact bytes; no product capture.
let garment_waist: length = waist_girth + ease_waist	(bind garment_waist length (+ waist_girth ease_waist))
let garment_hip: length = hip_girth + ease_hip	(bind garment_hip length (+ hip_girth ease_hip))
let quarter_waist: length = garment_waist / 4	(bind quarter_waist length (/ garment_waist count:4))
let quarter_hip: length = garment_hip / 4	(bind quarter_hip length (/ garment_hip count:4))
let suppression: length = quarter_hip - quarter_waist	(bind suppression length (- quarter_hip quarter_waist))
let hip_to_hem_drop: length = waist_to_hem - waist_to_hip	(bind hip_to_hem_drop length (- waist_to_hem waist_to_hip))
let front_dart_centre: length = (quarter_hip - ss_suppress) / 2	(bind front_dart_centre length (/ (- quarter_hip ss_suppress) count:2))
let side_seam_length: length = hypot(hip_to_hem_drop, a_line_flare)	(bind side_seam_length length (hypot hip_to_hem_drop a_line_flare))
let quarter_hem_width: length = quarter_hip + a_line_flare	(bind quarter_hem_width length (+ quarter_hip a_line_flare))
let garment_hem: length = 4 * quarter_hem_width	(bind garment_hem length (* count:4 quarter_hem_width))
let waistband_cut_width: length = 2 * wb_width + sa_waist + sa_wb_bottom	(bind waistband_cut_width length (+ (+ (* count:2 wb_width) sa_waist) sa_wb_bottom))
let waistband_pattern_length: length = garment_waist + 2 * sa_cb + wb_extension	(bind waistband_pattern_length length (+ (+ garment_waist (* count:2 sa_cb)) wb_extension))
let dart_leg_angle: angle = atan2(dart_intake / 2, dart_len_front)	(bind dart_leg_angle angle (atan2 (/ dart_intake count:2) dart_len_front))
let dart_intake_share: ratio = dart_intake / suppression	(bind dart_intake_share ratio (/ dart_intake suppression))
let zip_notch_param: ratio = param_at(cb_seam, zip_len)	(bind zip_notch_param ratio (param_at cb_seam zip_len))
let dart_apex_depth: length = abs(y(dart_apex_front))	(bind dart_apex_depth length (abs (y dart_apex_front)))
let dart_count: count = if(dart_intake > dart_intake_max, 2, 1)	(bind dart_count count (if (> dart_intake dart_intake_max) count:2 count:1))
assert allocation_balance: eps_num = 4 * (ss_suppress + dart_intake) == garment_hip - garment_waist	(assert allocation_balance eps_num (* count:4 (+ ss_suppress dart_intake)) (- garment_hip garment_waist))
assert waist_closure: eps_num = (quarter_hip - ss_suppress) - dart_intake == quarter_waist	(assert waist_closure eps_num (- (- quarter_hip ss_suppress) dart_intake) quarter_waist)
assert waistband_length_closure: eps_num = waistband_pattern_length - 2 * sa_cb - wb_extension == garment_waist	(assert waistband_length_closure eps_num (- (- waistband_pattern_length (* count:2 sa_cb)) wb_extension) garment_waist)
assert waistband_width_closure: eps_num = waistband_cut_width - sa_waist - sa_wb_bottom == 2 * wb_width	(assert waistband_width_closure eps_num (- (- waistband_cut_width sa_waist) sa_wb_bottom) (* count:2 wb_width))
