# Authored worked source	canonical expression bytes; binding rows then assertion sides
waist_girth + ease_waist	(+ waist_girth ease_waist)
hip_girth + ease_hip	(+ hip_girth ease_hip)
garment_waist / 4	(/ garment_waist count:4)
garment_hip / 4	(/ garment_hip count:4)
quarter_hip - quarter_waist	(- quarter_hip quarter_waist)
waist_to_hem - waist_to_hip	(- waist_to_hem waist_to_hip)
(quarter_hip - ss_suppress) / 2	(/ (- quarter_hip ss_suppress) count:2)
hypot(hip_to_hem_drop, a_line_flare)	(hypot hip_to_hem_drop a_line_flare)
quarter_hip + a_line_flare	(+ quarter_hip a_line_flare)
4 * quarter_hem_width	(* count:4 quarter_hem_width)
2 * wb_width + sa_waist + sa_wb_bottom	(+ (+ (* count:2 wb_width) sa_waist) sa_wb_bottom)
garment_waist + 2 * sa_cb + wb_extension	(+ (+ garment_waist (* count:2 sa_cb)) wb_extension)
atan2(dart_intake / 2, dart_len_front)	(atan2 (/ dart_intake count:2) dart_len_front)
dart_intake / suppression	(/ dart_intake suppression)
param_at(cb_seam, zip_len)	(param_at cb_seam zip_len)
abs(y(dart_apex_front))	(abs (y dart_apex_front))
if(dart_intake > dart_intake_max, 2, 1)	(if (> dart_intake dart_intake_max) count:2 count:1)
4 * (ss_suppress + dart_intake)	(* count:4 (+ ss_suppress dart_intake))
garment_hip - garment_waist	(- garment_hip garment_waist)
(quarter_hip - ss_suppress) - dart_intake	(- (- quarter_hip ss_suppress) dart_intake)
quarter_waist	quarter_waist
waistband_pattern_length - 2 * sa_cb - wb_extension	(- (- waistband_pattern_length (* count:2 sa_cb)) wb_extension)
garment_waist	garment_waist
waistband_cut_width - sa_waist - sa_wb_bottom	(- (- waistband_cut_width sa_waist) sa_wb_bottom)
2 * wb_width	(* count:2 wb_width)
