# machine literal	kind	magnitude or width/length refusal
0	count	0
004	count	4
1.0	ratio	1000000
2.0000	ratio	2000000
9223372036854775808	count	9223372036854775808
340282366920938463463374607431768211455	count	340282366920938463463374607431768211455
340282366920938463463374607431768211456	count	width
0.0000004	ratio	0
0.0000005	ratio	1
0.0000015	ratio	2
0.000000000000000000000000000000000000001	ratio	0
0.0000000000000000000000000000000000000001	ratio	0
0 um	length	0
1 um	length	1
0.5 um	length	1
2.5 um	length	3
0.0000005 um	length	0
0.00004 um	length	0
0.00005 um	length	0
0.00006 um	length	0
999.999999999 um	length	1000
1000.0000005 um	length	1000
0 mm	length	0
1 mm	length	1000
0.5 mm	length	500
2.5 mm	length	2500
0.0000005 mm	length	0
0.00004 mm	length	0
0.00005 mm	length	0
0.00006 mm	length	0
999.999999999 mm	length	1000000
1000.0000005 mm	length	1000000
0 cm	length	0
1 cm	length	10000
0.5 cm	length	5000
2.5 cm	length	25000
0.0000005 cm	length	0
0.00004 cm	length	0
0.00005 cm	length	1
0.00006 cm	length	1
999.999999999 cm	length	10000000
1000.0000005 cm	length	10000000
0 m	length	0
1 m	length	1000000
0.5 m	length	500000
2.5 m	length	2500000
0.0000005 m	length	1
0.00004 m	length	40
0.00005 m	length	50
0.00006 m	length	60
999.999999999 m	length	1000000000
1000.0000005 m	length	length
0 in	length	0
1 in	length	25400
0.5 in	length	12700
2.5 in	length	63500
0.0000005 in	length	0
0.00004 in	length	1
0.00005 in	length	1
0.00006 in	length	2
999.999999999 in	length	25400000
1000.0000005 in	length	25400000
0 deg	angle	0
1 deg	angle	1000000
0.5 deg	angle	500000
2.5 deg	angle	2500000
0.0000005 deg	angle	1
0.00004 deg	angle	40
0.00005 deg	angle	50
0.00006 deg	angle	60
999.999999999 deg	angle	1000000000
1000.0000005 deg	angle	1000000001
0 pct	ratio	0
1 pct	ratio	10000
0.5 pct	ratio	5000
2.5 pct	ratio	25000
0.0000005 pct	ratio	0
0.00004 pct	ratio	0
0.00005 pct	ratio	1
0.00006 pct	ratio	1
999.999999999 pct	ratio	10000000
1000.0000005 pct	ratio	10000000
1000000000.4 um	length	1000000000
1000000000.5 um	length	length
100000.00004 cm	length	1000000000
100000.00005 cm	length	length
9223372036854.775808 deg	angle	9223372036854775808
360 deg	angle	360000000
720 deg	angle	720000000
340282366920938463463374607431768.211455 deg	angle	340282366920938463463374607431768211455
340282366920938463463374607431768.211456 deg	angle	width
34028236692093846346337460743176821145.6 pct	ratio	width
0.1361129467683753853853498429727072845824 deg	angle	136113
0.01393796574908163946345982392040522594123776 um	length	0
0.00000000000000000000000000000000000000293873587705571876992184134305561419454666389193021880377187926569604314863681793212890625 deg	angle	0
0.000000000000000000000000000000000000000000000000000000000000000000000000000000000000000000000000000000000000000000000000000000000000001 um	length	width
0.0000000000000000000000000000000000000000000000000000000000000000000000000000000000000000000000000000000000000000000000000000000000000002 deg	angle	width
999999999999999999999999999999999999999999999999999999999999999999999999999999999999999999999999999999999999999999999999999999999999999999999999999999999999999999999999999999999999 um	length	width
0.0000000000000000000000000000000000000000000000000000000000000000000000000000000000000000000000000000000000000000000000000000000000000000000000000000000000000000000000000000000000000 deg	angle	0
0000000000000000000000000000000000000000000000000000000000000000000000000000000000000000000000000000000000000000000000000000000000000000000000000000000000000000000000000000000000001.0000000000000000000000000000000000000000000000000000000000000000000000000000000000000000000000000000000000000000000000000000000000000000000000000000000000000000000000000000000000000 pct	ratio	10000
