# source	kind	magnitude or width refusal
0.000000000000000000000000000000000000018014398509481984 um	length	0
0.000000000000000000000000000000000000018014398509481984 mm	length	0
0.000000000000000000000000000000000000018014398509481984 cm	length	0
0.000000000000000000000000000000000000018014398509481984 m	length	0
0.000000000000000000000000000000000000018014398509481984 in	length	0
0.000000000000000000000000000000000000018014398509481984 deg	angle	0
0.000000000000000000000000000000000000018014398509481984 pct	ratio	0
0.000000000000000000000000000000000000018014398509481984	ratio	0
0.0000000000000000000000000000000000000036028797018963968 um	length	0
0.0000000000000000000000000000000000000036028797018963968 mm	length	0
0.0000000000000000000000000000000000000036028797018963968 cm	length	0
0.0000000000000000000000000000000000000036028797018963968 m	length	0
0.0000000000000000000000000000000000000036028797018963968 in	length	0
0.0000000000000000000000000000000000000036028797018963968 deg	angle	0
0.0000000000000000000000000000000000000036028797018963968 pct	ratio	0
0.0000000000000000000000000000000000000036028797018963968	ratio	0
0.00000000000000000000000000000000000000072057594037927936 um	length	width
0.00000000000000000000000000000000000000072057594037927936 mm	length	0
0.00000000000000000000000000000000000000072057594037927936 cm	length	0
0.00000000000000000000000000000000000000072057594037927936 m	length	0
0.00000000000000000000000000000000000000072057594037927936 in	length	0
0.00000000000000000000000000000000000000072057594037927936 deg	angle	0
0.00000000000000000000000000000000000000072057594037927936 pct	ratio	0
0.00000000000000000000000000000000000000072057594037927936	ratio	0
0.000000000000000000000000000000000000000144115188075855872 um	length	width
0.000000000000000000000000000000000000000144115188075855872 mm	length	0
0.000000000000000000000000000000000000000144115188075855872 cm	length	0
0.000000000000000000000000000000000000000144115188075855872 m	length	0
0.000000000000000000000000000000000000000144115188075855872 in	length	0
0.000000000000000000000000000000000000000144115188075855872 deg	angle	0
0.000000000000000000000000000000000000000144115188075855872 pct	ratio	0
0.000000000000000000000000000000000000000144115188075855872	ratio	0
0.0000000000000000000000000000000000000000288230376151711744 um	length	width
0.0000000000000000000000000000000000000000288230376151711744 mm	length	0
0.0000000000000000000000000000000000000000288230376151711744 cm	length	0
0.0000000000000000000000000000000000000000288230376151711744 m	length	0
0.0000000000000000000000000000000000000000288230376151711744 in	length	width
0.0000000000000000000000000000000000000000288230376151711744 deg	angle	0
0.0000000000000000000000000000000000000000288230376151711744 pct	ratio	0
0.0000000000000000000000000000000000000000288230376151711744	ratio	0
0.00000000000000000000000000000000000000000576460752303423488 um	length	width
0.00000000000000000000000000000000000000000576460752303423488 mm	length	width
0.00000000000000000000000000000000000000000576460752303423488 cm	length	0
0.00000000000000000000000000000000000000000576460752303423488 m	length	0
0.00000000000000000000000000000000000000000576460752303423488 in	length	width
0.00000000000000000000000000000000000000000576460752303423488 deg	angle	0
0.00000000000000000000000000000000000000000576460752303423488 pct	ratio	0
0.00000000000000000000000000000000000000000576460752303423488	ratio	0
0.000000000000000000000000000000000000000001152921504606846976 um	length	width
0.000000000000000000000000000000000000000001152921504606846976 mm	length	width
0.000000000000000000000000000000000000000001152921504606846976 cm	length	width
0.000000000000000000000000000000000000000001152921504606846976 m	length	0
0.000000000000000000000000000000000000000001152921504606846976 in	length	width
0.000000000000000000000000000000000000000001152921504606846976 deg	angle	0
0.000000000000000000000000000000000000000001152921504606846976 pct	ratio	width
0.000000000000000000000000000000000000000001152921504606846976	ratio	0
0.0000000000000000000000000000000000000000002305843009213693952 um	length	width
0.0000000000000000000000000000000000000000002305843009213693952 mm	length	width
0.0000000000000000000000000000000000000000002305843009213693952 cm	length	width
0.0000000000000000000000000000000000000000002305843009213693952 m	length	0
0.0000000000000000000000000000000000000000002305843009213693952 in	length	width
0.0000000000000000000000000000000000000000002305843009213693952 deg	angle	0
0.0000000000000000000000000000000000000000002305843009213693952 pct	ratio	width
0.0000000000000000000000000000000000000000002305843009213693952	ratio	0
0.00000000000000000000000000000000000000000004611686018427387904 um	length	width
0.00000000000000000000000000000000000000000004611686018427387904 mm	length	width
0.00000000000000000000000000000000000000000004611686018427387904 cm	length	width
0.00000000000000000000000000000000000000000004611686018427387904 m	length	width
0.00000000000000000000000000000000000000000004611686018427387904 in	length	width
0.00000000000000000000000000000000000000000004611686018427387904 deg	angle	width
0.00000000000000000000000000000000000000000004611686018427387904 pct	ratio	width
0.00000000000000000000000000000000000000000004611686018427387904	ratio	width
0.000000000000000000000000000000000000000000009223372036854775808 um	length	width
0.000000000000000000000000000000000000000000009223372036854775808 mm	length	width
0.000000000000000000000000000000000000000000009223372036854775808 cm	length	width
0.000000000000000000000000000000000000000000009223372036854775808 m	length	width
0.000000000000000000000000000000000000000000009223372036854775808 in	length	width
0.000000000000000000000000000000000000000000009223372036854775808 deg	angle	width
0.000000000000000000000000000000000000000000009223372036854775808 pct	ratio	width
0.000000000000000000000000000000000000000000009223372036854775808	ratio	width
0.00000000000000000000000000000000000002350988701644575015937473074444491355637331113544175043017503412556834518909454345703125 um	length	0
0.00000000000000000000000000000000000002350988701644575015937473074444491355637331113544175043017503412556834518909454345703125 mm	length	0
0.00000000000000000000000000000000000002350988701644575015937473074444491355637331113544175043017503412556834518909454345703125 cm	length	0
0.00000000000000000000000000000000000002350988701644575015937473074444491355637331113544175043017503412556834518909454345703125 m	length	0
0.00000000000000000000000000000000000002350988701644575015937473074444491355637331113544175043017503412556834518909454345703125 in	length	0
0.00000000000000000000000000000000000002350988701644575015937473074444491355637331113544175043017503412556834518909454345703125 deg	angle	0
0.00000000000000000000000000000000000002350988701644575015937473074444491355637331113544175043017503412556834518909454345703125 pct	ratio	0
0.00000000000000000000000000000000000002350988701644575015937473074444491355637331113544175043017503412556834518909454345703125	ratio	0
0.000000000000000000000000000000000000011754943508222875079687365372222456778186655567720875215087517062784172594547271728515625 um	length	0
0.000000000000000000000000000000000000011754943508222875079687365372222456778186655567720875215087517062784172594547271728515625 mm	length	0
0.000000000000000000000000000000000000011754943508222875079687365372222456778186655567720875215087517062784172594547271728515625 cm	length	0
0.000000000000000000000000000000000000011754943508222875079687365372222456778186655567720875215087517062784172594547271728515625 m	length	0
0.000000000000000000000000000000000000011754943508222875079687365372222456778186655567720875215087517062784172594547271728515625 in	length	0
0.000000000000000000000000000000000000011754943508222875079687365372222456778186655567720875215087517062784172594547271728515625 deg	angle	0
0.000000000000000000000000000000000000011754943508222875079687365372222456778186655567720875215087517062784172594547271728515625 pct	ratio	0
0.000000000000000000000000000000000000011754943508222875079687365372222456778186655567720875215087517062784172594547271728515625	ratio	0
0.0000000000000000000000000000000000000058774717541114375398436826861112283890933277838604376075437585313920862972736358642578125 um	length	0
0.0000000000000000000000000000000000000058774717541114375398436826861112283890933277838604376075437585313920862972736358642578125 mm	length	0
0.0000000000000000000000000000000000000058774717541114375398436826861112283890933277838604376075437585313920862972736358642578125 cm	length	0
0.0000000000000000000000000000000000000058774717541114375398436826861112283890933277838604376075437585313920862972736358642578125 m	length	0
0.0000000000000000000000000000000000000058774717541114375398436826861112283890933277838604376075437585313920862972736358642578125 in	length	0
0.0000000000000000000000000000000000000058774717541114375398436826861112283890933277838604376075437585313920862972736358642578125 deg	angle	0
0.0000000000000000000000000000000000000058774717541114375398436826861112283890933277838604376075437585313920862972736358642578125 pct	ratio	0
0.0000000000000000000000000000000000000058774717541114375398436826861112283890933277838604376075437585313920862972736358642578125	ratio	0
0.00000000000000000000000000000000000000293873587705571876992184134305561419454666389193021880377187926569604314863681793212890625 um	length	width
0.00000000000000000000000000000000000000293873587705571876992184134305561419454666389193021880377187926569604314863681793212890625 mm	length	0
0.00000000000000000000000000000000000000293873587705571876992184134305561419454666389193021880377187926569604314863681793212890625 cm	length	0
0.00000000000000000000000000000000000000293873587705571876992184134305561419454666389193021880377187926569604314863681793212890625 m	length	0
0.00000000000000000000000000000000000000293873587705571876992184134305561419454666389193021880377187926569604314863681793212890625 in	length	0
0.00000000000000000000000000000000000000293873587705571876992184134305561419454666389193021880377187926569604314863681793212890625 deg	angle	0
0.00000000000000000000000000000000000000293873587705571876992184134305561419454666389193021880377187926569604314863681793212890625 pct	ratio	0
0.00000000000000000000000000000000000000293873587705571876992184134305561419454666389193021880377187926569604314863681793212890625	ratio	0
0.000000000000000000000000000000000000001469367938527859384960920671527807097273331945965109401885939632848021574318408966064453125 um	length	width
0.000000000000000000000000000000000000001469367938527859384960920671527807097273331945965109401885939632848021574318408966064453125 mm	length	0
0.000000000000000000000000000000000000001469367938527859384960920671527807097273331945965109401885939632848021574318408966064453125 cm	length	0
0.000000000000000000000000000000000000001469367938527859384960920671527807097273331945965109401885939632848021574318408966064453125 m	length	0
0.000000000000000000000000000000000000001469367938527859384960920671527807097273331945965109401885939632848021574318408966064453125 in	length	0
0.000000000000000000000000000000000000001469367938527859384960920671527807097273331945965109401885939632848021574318408966064453125 deg	angle	0
0.000000000000000000000000000000000000001469367938527859384960920671527807097273331945965109401885939632848021574318408966064453125 pct	ratio	0
0.000000000000000000000000000000000000001469367938527859384960920671527807097273331945965109401885939632848021574318408966064453125	ratio	0
0.0000000000000000000000000000000000000007346839692639296924804603357639035486366659729825547009429698164240107871592044830322265625 um	length	width
0.0000000000000000000000000000000000000007346839692639296924804603357639035486366659729825547009429698164240107871592044830322265625 mm	length	0
0.0000000000000000000000000000000000000007346839692639296924804603357639035486366659729825547009429698164240107871592044830322265625 cm	length	0
0.0000000000000000000000000000000000000007346839692639296924804603357639035486366659729825547009429698164240107871592044830322265625 m	length	0
0.0000000000000000000000000000000000000007346839692639296924804603357639035486366659729825547009429698164240107871592044830322265625 in	length	0
0.0000000000000000000000000000000000000007346839692639296924804603357639035486366659729825547009429698164240107871592044830322265625 deg	angle	0
0.0000000000000000000000000000000000000007346839692639296924804603357639035486366659729825547009429698164240107871592044830322265625 pct	ratio	0
0.0000000000000000000000000000000000000007346839692639296924804603357639035486366659729825547009429698164240107871592044830322265625	ratio	0
0.00000000000000000000000000000000000000036734198463196484624023016788195177431833298649127735047148490821200539357960224151611328125 um	length	width
0.00000000000000000000000000000000000000036734198463196484624023016788195177431833298649127735047148490821200539357960224151611328125 mm	length	width
0.00000000000000000000000000000000000000036734198463196484624023016788195177431833298649127735047148490821200539357960224151611328125 cm	length	0
0.00000000000000000000000000000000000000036734198463196484624023016788195177431833298649127735047148490821200539357960224151611328125 m	length	0
0.00000000000000000000000000000000000000036734198463196484624023016788195177431833298649127735047148490821200539357960224151611328125 in	length	width
0.00000000000000000000000000000000000000036734198463196484624023016788195177431833298649127735047148490821200539357960224151611328125 deg	angle	0
0.00000000000000000000000000000000000000036734198463196484624023016788195177431833298649127735047148490821200539357960224151611328125 pct	ratio	0
0.00000000000000000000000000000000000000036734198463196484624023016788195177431833298649127735047148490821200539357960224151611328125	ratio	0
0.000000000000000000000000000000000000000183670992315982423120115083940975887159166493245638675235742454106002696789801120758056640625 um	length	width
0.000000000000000000000000000000000000000183670992315982423120115083940975887159166493245638675235742454106002696789801120758056640625 mm	length	width
0.000000000000000000000000000000000000000183670992315982423120115083940975887159166493245638675235742454106002696789801120758056640625 cm	length	width
0.000000000000000000000000000000000000000183670992315982423120115083940975887159166493245638675235742454106002696789801120758056640625 m	length	0
0.000000000000000000000000000000000000000183670992315982423120115083940975887159166493245638675235742454106002696789801120758056640625 in	length	width
0.000000000000000000000000000000000000000183670992315982423120115083940975887159166493245638675235742454106002696789801120758056640625 deg	angle	0
0.000000000000000000000000000000000000000183670992315982423120115083940975887159166493245638675235742454106002696789801120758056640625 pct	ratio	width
0.000000000000000000000000000000000000000183670992315982423120115083940975887159166493245638675235742454106002696789801120758056640625	ratio	0
0.0000000000000000000000000000000000000000918354961579912115600575419704879435795832466228193376178712270530013483949005603790283203125 um	length	width
0.0000000000000000000000000000000000000000918354961579912115600575419704879435795832466228193376178712270530013483949005603790283203125 mm	length	width
0.0000000000000000000000000000000000000000918354961579912115600575419704879435795832466228193376178712270530013483949005603790283203125 cm	length	width
0.0000000000000000000000000000000000000000918354961579912115600575419704879435795832466228193376178712270530013483949005603790283203125 m	length	0
0.0000000000000000000000000000000000000000918354961579912115600575419704879435795832466228193376178712270530013483949005603790283203125 in	length	width
0.0000000000000000000000000000000000000000918354961579912115600575419704879435795832466228193376178712270530013483949005603790283203125 deg	angle	0
0.0000000000000000000000000000000000000000918354961579912115600575419704879435795832466228193376178712270530013483949005603790283203125 pct	ratio	width
0.0000000000000000000000000000000000000000918354961579912115600575419704879435795832466228193376178712270530013483949005603790283203125	ratio	0
0.00000000000000000000000000000000000000004591774807899560578002877098524397178979162331140966880893561352650067419745028018951416015625 um	length	width
0.00000000000000000000000000000000000000004591774807899560578002877098524397178979162331140966880893561352650067419745028018951416015625 mm	length	width
0.00000000000000000000000000000000000000004591774807899560578002877098524397178979162331140966880893561352650067419745028018951416015625 cm	length	width
0.00000000000000000000000000000000000000004591774807899560578002877098524397178979162331140966880893561352650067419745028018951416015625 m	length	width
0.00000000000000000000000000000000000000004591774807899560578002877098524397178979162331140966880893561352650067419745028018951416015625 in	length	width
0.00000000000000000000000000000000000000004591774807899560578002877098524397178979162331140966880893561352650067419745028018951416015625 deg	angle	width
0.00000000000000000000000000000000000000004591774807899560578002877098524397178979162331140966880893561352650067419745028018951416015625 pct	ratio	width
0.00000000000000000000000000000000000000004591774807899560578002877098524397178979162331140966880893561352650067419745028018951416015625	ratio	width
0.000000000000000000000000000000000000000022958874039497802890014385492621985894895811655704834404467806763250337098725140094757080078125 um	length	width
0.000000000000000000000000000000000000000022958874039497802890014385492621985894895811655704834404467806763250337098725140094757080078125 mm	length	width
0.000000000000000000000000000000000000000022958874039497802890014385492621985894895811655704834404467806763250337098725140094757080078125 cm	length	width
0.000000000000000000000000000000000000000022958874039497802890014385492621985894895811655704834404467806763250337098725140094757080078125 m	length	width
0.000000000000000000000000000000000000000022958874039497802890014385492621985894895811655704834404467806763250337098725140094757080078125 in	length	width
0.000000000000000000000000000000000000000022958874039497802890014385492621985894895811655704834404467806763250337098725140094757080078125 deg	angle	width
0.000000000000000000000000000000000000000022958874039497802890014385492621985894895811655704834404467806763250337098725140094757080078125 pct	ratio	width
0.000000000000000000000000000000000000000022958874039497802890014385492621985894895811655704834404467806763250337098725140094757080078125	ratio	width
0.0000000000000000000000000000000000000000114794370197489014450071927463109929474479058278524172022339033816251685493625700473785400390625 um	length	width
0.0000000000000000000000000000000000000000114794370197489014450071927463109929474479058278524172022339033816251685493625700473785400390625 mm	length	width
0.0000000000000000000000000000000000000000114794370197489014450071927463109929474479058278524172022339033816251685493625700473785400390625 cm	length	width
0.0000000000000000000000000000000000000000114794370197489014450071927463109929474479058278524172022339033816251685493625700473785400390625 m	length	width
0.0000000000000000000000000000000000000000114794370197489014450071927463109929474479058278524172022339033816251685493625700473785400390625 in	length	width
0.0000000000000000000000000000000000000000114794370197489014450071927463109929474479058278524172022339033816251685493625700473785400390625 deg	angle	width
0.0000000000000000000000000000000000000000114794370197489014450071927463109929474479058278524172022339033816251685493625700473785400390625 pct	ratio	width
0.0000000000000000000000000000000000000000114794370197489014450071927463109929474479058278524172022339033816251685493625700473785400390625	ratio	width
