# numerator	denominator	checked i64 result
-170141183460469231731687303715884105728	1	overflow
-170141183460469231731687303715884105728	-1	overflow
170141183460469231731687303715884105727	1	overflow
170141183460469231731687303715884105727	-1	overflow
-170141183460469231731687303715884105728	-170141183460469231731687303715884105728	1
170141183460469231731687303715884105727	-170141183460469231731687303715884105728	-1
-170141183460469231731687303715884105728	170141183460469231731687303715884105727	-1
0	-170141183460469231731687303715884105728	0
1	-170141183460469231731687303715884105728	0
-1	-170141183460469231731687303715884105728	0
0	0	zero
-170141183460469231731687303715884105728	0	zero
-9223372036854775808	1	-9223372036854775808
9223372036854775807	1	9223372036854775807
9223372036854775808	-1	-9223372036854775808
-9223372036854775807	-1	9223372036854775807
-9223372036854775809	1	overflow
9223372036854775808	1	overflow
-9223372036854775808	-1	overflow
-18446744073709551616	2	-9223372036854775808
18446744073709551614	2	9223372036854775807
-18446744073709551617	2	overflow
18446744073709551615	2	overflow
-18446744073709551615	2	-9223372036854775808
18446744073709551613	2	9223372036854775807
1	2	1
-1	2	-1
1	-2	-1
-1	-2	1
3	2	2
-3	2	-2
2	5	0
-2	5	0
3	5	1
-3	5	-1
-170141183460469231731687303715884105728	3	overflow
