# numerator	denominator	nearest unsigned magnitude (zero = refusal)
0	0	zero
0	1	0
0	2	0
0	3	0
0	5	0
0	7	0
0	170141183460469231731687303715884105727	0
0	170141183460469231731687303715884105728	0
0	340282366920938463463374607431768211454	0
0	340282366920938463463374607431768211455	0
1	0	zero
1	1	1
1	2	1
1	3	0
1	5	0
1	7	0
1	170141183460469231731687303715884105727	0
1	170141183460469231731687303715884105728	0
1	340282366920938463463374607431768211454	0
1	340282366920938463463374607431768211455	0
2	0	zero
2	1	2
2	2	1
2	3	1
2	5	0
2	7	0
2	170141183460469231731687303715884105727	0
2	170141183460469231731687303715884105728	0
2	340282366920938463463374607431768211454	0
2	340282366920938463463374607431768211455	0
3	0	zero
3	1	3
3	2	2
3	3	1
3	5	1
3	7	0
3	170141183460469231731687303715884105727	0
3	170141183460469231731687303715884105728	0
3	340282366920938463463374607431768211454	0
3	340282366920938463463374607431768211455	0
9223372036854775807	0	zero
9223372036854775807	1	9223372036854775807
9223372036854775807	2	4611686018427387904
9223372036854775807	3	3074457345618258602
9223372036854775807	5	1844674407370955161
9223372036854775807	7	1317624576693539401
9223372036854775807	170141183460469231731687303715884105727	0
9223372036854775807	170141183460469231731687303715884105728	0
9223372036854775807	340282366920938463463374607431768211454	0
9223372036854775807	340282366920938463463374607431768211455	0
9223372036854775808	0	zero
9223372036854775808	1	9223372036854775808
9223372036854775808	2	4611686018427387904
9223372036854775808	3	3074457345618258603
9223372036854775808	5	1844674407370955162
9223372036854775808	7	1317624576693539401
9223372036854775808	170141183460469231731687303715884105727	0
9223372036854775808	170141183460469231731687303715884105728	0
9223372036854775808	340282366920938463463374607431768211454	0
9223372036854775808	340282366920938463463374607431768211455	0
9223372036854775809	0	zero
9223372036854775809	1	9223372036854775809
9223372036854775809	2	4611686018427387905
9223372036854775809	3	3074457345618258603
9223372036854775809	5	1844674407370955162
9223372036854775809	7	1317624576693539401
9223372036854775809	170141183460469231731687303715884105727	0
9223372036854775809	170141183460469231731687303715884105728	0
9223372036854775809	340282366920938463463374607431768211454	0
9223372036854775809	340282366920938463463374607431768211455	0
170141183460469231731687303715884105727	0	zero
170141183460469231731687303715884105727	1	170141183460469231731687303715884105727
170141183460469231731687303715884105727	2	85070591730234615865843651857942052864
170141183460469231731687303715884105727	3	56713727820156410577229101238628035242
170141183460469231731687303715884105727	5	34028236692093846346337460743176821145
170141183460469231731687303715884105727	7	24305883351495604533098186245126300818
170141183460469231731687303715884105727	170141183460469231731687303715884105727	1
170141183460469231731687303715884105727	170141183460469231731687303715884105728	1
170141183460469231731687303715884105727	340282366920938463463374607431768211454	1
170141183460469231731687303715884105727	340282366920938463463374607431768211455	0
170141183460469231731687303715884105728	0	zero
170141183460469231731687303715884105728	1	170141183460469231731687303715884105728
170141183460469231731687303715884105728	2	85070591730234615865843651857942052864
170141183460469231731687303715884105728	3	56713727820156410577229101238628035243
170141183460469231731687303715884105728	5	34028236692093846346337460743176821146
170141183460469231731687303715884105728	7	24305883351495604533098186245126300818
170141183460469231731687303715884105728	170141183460469231731687303715884105727	1
170141183460469231731687303715884105728	170141183460469231731687303715884105728	1
170141183460469231731687303715884105728	340282366920938463463374607431768211454	1
170141183460469231731687303715884105728	340282366920938463463374607431768211455	1
170141183460469231731687303715884105729	0	zero
170141183460469231731687303715884105729	1	170141183460469231731687303715884105729
170141183460469231731687303715884105729	2	85070591730234615865843651857942052865
170141183460469231731687303715884105729	3	56713727820156410577229101238628035243
170141183460469231731687303715884105729	5	34028236692093846346337460743176821146
170141183460469231731687303715884105729	7	24305883351495604533098186245126300818
170141183460469231731687303715884105729	170141183460469231731687303715884105727	1
170141183460469231731687303715884105729	170141183460469231731687303715884105728	1
170141183460469231731687303715884105729	340282366920938463463374607431768211454	1
170141183460469231731687303715884105729	340282366920938463463374607431768211455	1
340282366920938463463374607431768211453	0	zero
340282366920938463463374607431768211453	1	340282366920938463463374607431768211453
340282366920938463463374607431768211453	2	170141183460469231731687303715884105727
340282366920938463463374607431768211453	3	113427455640312821154458202477256070484
340282366920938463463374607431768211453	5	68056473384187692692674921486353642291
340282366920938463463374607431768211453	7	48611766702991209066196372490252601636
340282366920938463463374607431768211453	170141183460469231731687303715884105727	2
340282366920938463463374607431768211453	170141183460469231731687303715884105728	2
340282366920938463463374607431768211453	340282366920938463463374607431768211454	1
340282366920938463463374607431768211453	340282366920938463463374607431768211455	1
340282366920938463463374607431768211454	0	zero
340282366920938463463374607431768211454	1	340282366920938463463374607431768211454
340282366920938463463374607431768211454	2	170141183460469231731687303715884105727
340282366920938463463374607431768211454	3	113427455640312821154458202477256070485
340282366920938463463374607431768211454	5	68056473384187692692674921486353642291
340282366920938463463374607431768211454	7	48611766702991209066196372490252601636
340282366920938463463374607431768211454	170141183460469231731687303715884105727	2
340282366920938463463374607431768211454	170141183460469231731687303715884105728	2
340282366920938463463374607431768211454	340282366920938463463374607431768211454	1
340282366920938463463374607431768211454	340282366920938463463374607431768211455	1
340282366920938463463374607431768211455	0	zero
340282366920938463463374607431768211455	1	340282366920938463463374607431768211455
340282366920938463463374607431768211455	2	170141183460469231731687303715884105728
340282366920938463463374607431768211455	3	113427455640312821154458202477256070485
340282366920938463463374607431768211455	5	68056473384187692692674921486353642291
340282366920938463463374607431768211455	7	48611766702991209066196372490252601636
340282366920938463463374607431768211455	170141183460469231731687303715884105727	2
340282366920938463463374607431768211455	170141183460469231731687303715884105728	2
340282366920938463463374607431768211455	340282366920938463463374607431768211454	1
340282366920938463463374607431768211455	340282366920938463463374607431768211455	1
170141183460469231731687303715884105726	340282366920938463463374607431768211455	0
170141183460469231731687303715884105726	340282366920938463463374607431768211454	0
85070591730234615865843651857942052863	170141183460469231731687303715884105728	0
85070591730234615865843651857942052864	170141183460469231731687303715884105728	1
85070591730234615865843651857942052865	170141183460469231731687303715884105728	1
85070591730234615865843651857942052862	170141183460469231731687303715884105727	0
85070591730234615865843651857942052863	170141183460469231731687303715884105727	0
85070591730234615865843651857942052864	170141183460469231731687303715884105727	1
