# family	chapter	public source	public type	task owner	roadmap section
units	spec/units-and-tolerances.md	crates/sc-units/src/length.rs	Length	G0-CONTRACT.2	4.2
identity	spec/ontology-implementation.md	crates/sc-core/src/ontology/id.rs	EntityId	G1-SLICE.3a	4.1
physical copies	spec/ontology-implementation.md	crates/sc-core/src/ontology/cut.rs	CutCopy	G1-SLICE.3c.1	3.1
sewing	spec/ontology-implementation.md	crates/sc-core/src/ontology/sewing.rs	SewingGraph	G1-SLICE.3c.2b	3.1
constructions	spec/ontology-constructions.md	crates/sc-core/src/ontology/pocket.rs	Pocket	G1-SLICE.3c.4d.1	3.1
closures	spec/ontology-closures.md	crates/sc-core/src/ontology/closure.rs	Closure	G1-SLICE.3c.4c.2	3.1
canonical inputs	spec/measurement-inputs.md	crates/sc-core/src/value.rs	LengthDeclaration	G1-SLICE.4a.1	8
measurement metadata	spec/measurement-metadata.md	crates/sc-measure/src/measurement.rs	Measurement	G1-SLICE.4a.2b	3.1
measurement tables	spec/measurement-metadata.md	crates/sc-measure/src/table.rs	MeasurementTable	G1-SLICE.4a.3	3.1
Ease	spec/ease-inputs.md	crates/sc-measure/src/ease_set.rs	EaseSet	G1-SLICE.4b.2	3.3
membership	spec/size-membership.md	crates/sc-measure/src/size_membership.rs	SizeMembership	G1-SLICE.4c.1	3.4
garment observations	spec/size-chart-observations.md	crates/sc-measure/src/size_chart.rs	SizeChartObservation	G1-SLICE.4c.3a	3.3
garment collections	spec/size-chart-collections.md	crates/sc-measure/src/size_chart_collection.rs	SizeChart	G1-SLICE.4c.3b	3.4
MTM	spec/mtm-input-charts.md	crates/sc-measure/src/mtm_chart.rs	MtmChart	G1-SLICE.4c.3c	3.3
formula lexing	annexes/formula-syntax.md	crates/sc-core/src/recipe/lexer.rs	FormulaLexer	G1-SLICE.5a.1	4.1
formula expression syntax	annexes/formula-syntax.md	crates/sc-core/src/recipe/expression.rs	FormulaExpression	G1-SLICE.5a.2b.2	4.1
formula literal inputs	annexes/formula-literals.md	crates/sc-core/src/recipe/literal.rs	FormulaLiteral	G1-SLICE.5a.3c.2	4.1
formula normalized arena	annexes/formula-literals.md	crates/sc-core/src/recipe/normalized.rs	FormulaNormalizedExpression	G1-SLICE.5a.3c.3	4.1
formula canonical expression identity	annexes/formula-literals.md	crates/sc-core/src/recipe/canonical.rs	FormulaCanonicalExpression	G1-SLICE.5a.3d.2	4.1
formula single statement syntax	annexes/formula-statements.md	crates/sc-core/src/recipe/statement.rs	FormulaStatement	G1-SLICE.5a.3e.1	4.1
formula ordered recipe syntax	annexes/formula-statements.md	crates/sc-core/src/recipe/ordered.rs	FormulaRecipe	G1-SLICE.5a.3e.2	4.1
formula normalized statement	annexes/formula-recipe-inputs.md	crates/sc-core/src/recipe/normalized_recipe.rs	FormulaNormalizedStatement	G1-SLICE.5a.3f.1b	4.1
formula normalized recipe	annexes/formula-recipe-inputs.md	crates/sc-core/src/recipe/normalized_recipe.rs	FormulaNormalizedRecipe	G1-SLICE.5a.3f.1b	4.1
formula canonical statement identity	annexes/formula-recipe-inputs.md	crates/sc-core/src/recipe/canonical_recipe.rs	FormulaCanonicalStatement	G1-SLICE.5a.3f.1c	4.1
formula canonical recipe identity	annexes/formula-recipe-inputs.md	crates/sc-core/src/recipe/canonical_recipe.rs	FormulaCanonicalRecipe	G1-SLICE.5a.3f.1c	4.1
formula operand kinds	annexes/formula-declarations.md	crates/sc-core/src/recipe/semantic.rs	FormulaKind	G1-SLICE.5b.2a	4.1
formula origins	annexes/formula-declarations.md	crates/sc-core/src/recipe/semantic.rs	FormulaOrigin	G1-SLICE.5b.2a	4.1
formula reserved contexts	annexes/formula-declarations.md	crates/sc-core/src/recipe/semantic.rs	FormulaReservedContext	G1-SLICE.5b.2a	4.1
formula reserved names	annexes/formula-declarations.md	crates/sc-core/src/recipe/semantic.rs	FormulaReservedName	G1-SLICE.5b.2a	4.1
formula sourced declarations	annexes/formula-declarations.md	crates/sc-core/src/recipe/declaration.rs	FormulaDeclaration	G1-SLICE.5b.2b	4.1
formula source locators	annexes/formula-declarations.md	crates/sc-core/src/recipe/declaration.rs	FormulaDeclarationSource	G1-SLICE.5b.2b	4.1
formula authored input domains	annexes/formula-declarations.md	crates/sc-core/src/recipe/declaration.rs	FormulaInputOrigin	G1-SLICE.5b.2b	4.1
formula general scalar domains	annexes/formula-declarations.md	crates/sc-core/src/recipe/declaration.rs	FormulaScalarInputOrigin	G1-SLICE.5b.2b	4.1
formula initial source admission	annexes/formula-declarations.md	crates/sc-core/src/recipe/namespace.rs	FormulaInitialDeclaration	G1-SLICE.5b.2c.2	4.1
formula initial namespace	annexes/formula-declarations.md	crates/sc-core/src/recipe/namespace.rs	FormulaNamespace	G1-SLICE.5b.2c.2	4.1
formula initial collision diagnostic	annexes/formula-declarations.md	crates/sc-core/src/recipe/namespace.rs	FormulaNamespaceError	G1-SLICE.5b.2c.2	4.1
formula absent-name diagnostic	annexes/formula-declarations.md	crates/sc-core/src/recipe/namespace.rs	FormulaUnboundName	G1-SLICE.5b.2d.1	4.1
formula ordered name cursor	annexes/formula-name-scopes.md	crates/sc-core/src/recipe/namespace/ordered.rs	FormulaNameCursor	G1-SLICE.5b.2d.2	4.1
formula actual statement name scope	annexes/formula-name-scopes.md	crates/sc-core/src/recipe/namespace/ordered.rs	FormulaStatementNameScope	G1-SLICE.5b.2d.2	4.1
